{"theta0": -0.02007807020906385, "theta1": 8355.430097177323}